,City Name,Country,Latitude,Longitude,Date,Temperature,Humidity,Wind Speed,Clouds
0,ribeira grande,PT,38.52,38.52,2019-03-10,289.46,95.0,7.82,76.0
1,vao,EE,59.1,59.1,2019-03-10,265.26,93.0,2.77,20.0
2,bathsheba,BB,13.22,13.22,2019-03-10,298.15,65.0,6.2,20.0
3,bershet,RU,57.73,57.73,2019-03-10,272.15,86.0,3.0,90.0
4,barrow,AR,-38.31,-38.31,2019-03-10,288.335,49.0,4.37,0.0
5,punta arenas,CL,-53.16,-53.16,2019-03-10,285.15,76.0,8.7,90.0
6,khadyzhensk,RU,44.42,44.42,2019-03-10,277.185,55.0,2.52,8.0
7,arcata,US,40.87,40.87,2019-03-10,285.15,100.0,4.1,75.0
8,kamaishi,JP,39.28,39.28,2019-03-10,279.15,93.0,6.7,75.0
9,ushuaia,AR,-54.81,-54.81,2019-03-10,284.15,81.0,11.8,75.0
10,mahebourg,MU,-20.41,-20.41,2019-03-10,297.04,88.0,2.6,20.0
11,port alfred,ZA,-33.59,-33.59,2019-03-10,292.04,97.0,3.13,92.0
12,faya,SA,18.39,18.39,2019-03-10,288.15,77.0,7.2,40.0
13,ahuimanu,US,21.44,21.44,2019-03-10,299.82,61.0,9.8,75.0
14,ojinaga,US,29.56,29.56,2019-03-10,295.15,27.0,1.5,90.0
15,faanui,PF,-16.48,-16.48,2019-03-10,300.935,100.0,2.72,64.0
16,albany,US,42.65,42.65,2019-03-10,277.15,86.0,2.1,90.0
17,kamenka,RU,53.19,53.19,2019-03-10,275.37,86.0,1.62,92.0
18,santa isabel do rio negro,BR,-0.41,-0.41,2019-03-10,298.585,90.0,2.07,20.0
19,kahului,US,20.89,20.89,2019-03-10,298.15,69.0,10.3,75.0
20,tuktoyaktuk,CA,69.44,69.44,2019-03-10,262.15,78.0,4.1,75.0
21,avarua,CK,-21.21,-21.21,2019-03-10,303.15,70.0,5.7,100.0
22,evanston,US,42.04,42.04,2019-03-10,273.71,68.0,6.2,1.0
23,constitucion,MX,23.99,23.99,2019-03-10,297.15,11.0,5.7,5.0
24,cape town,ZA,-33.93,-33.93,2019-03-10,291.48,77.0,9.8,20.0
25,sambava,MG,-14.27,-14.27,2019-03-10,299.185,100.0,3.37,88.0
26,sidrolandia,BR,-20.93,-20.93,2019-03-10,297.15,88.0,3.1,20.0
27,prestea,GH,5.43,5.43,2019-03-10,296.51,91.0,1.07,12.0
28,hermanus,ZA,-34.42,-34.42,2019-03-10,289.26,98.0,1.79,92.0
29,mega,ET,4.06,4.06,2019-03-10,287.96,43.0,2.92,0.0
30,rikitea,PF,-23.12,-23.12,2019-03-10,297.71,100.0,7.92,76.0
31,moose factory,CA,51.26,51.26,2019-03-10,267.15,92.0,2.1,90.0
32,opuwo,NA,-18.06,-18.06,2019-03-10,285.885,62.0,1.52,0.0
33,hobart,AU,-42.88,-42.88,2019-03-10,293.15,34.0,4.6,20.0
34,aktau,KZ,43.65,43.65,2019-03-10,278.15,75.0,4.0,0.0
35,busselton,AU,-33.64,-33.64,2019-03-10,294.82,46.0,4.57,0.0
36,bluff,AU,-23.58,-23.58,2019-03-10,308.01,41.0,1.87,0.0
37,cockburn town,TC,21.46,21.46,2019-03-10,298.085,100.0,8.97,92.0
38,jamestown,AU,-33.21,-33.21,2019-03-10,293.785,92.0,4.82,68.0
39,shetpe,KZ,44.14,44.14,2019-03-10,280.185,62.0,5.82,68.0
40,saldanha,PT,41.42,41.42,2019-03-10,275.46,82.0,1.07,0.0
41,terenos,BR,-20.44,-20.44,2019-03-10,297.15,88.0,3.1,20.0
42,chokurdakh,RU,70.62,70.62,2019-03-10,254.46,81.0,1.42,88.0
43,san pedro de uraba,CO,8.28,8.28,2019-03-10,298.585,89.0,2.77,0.0
44,chernukha,RU,55.6,55.6,2019-03-10,272.135,91.0,2.82,88.0
45,vaini,IN,15.34,15.34,2019-03-10,291.15,72.0,1.32,0.0
46,stromness,CA,42.87,42.87,2019-03-10,276.48,80.0,9.8,90.0
47,bambous virieux,MU,-20.34,-20.34,2019-03-10,297.04,88.0,2.6,20.0
48,mataura,NZ,-46.19,-46.19,2019-03-10,293.15,71.0,0.45,64.0
49,atuona,PF,-9.8,-9.8,2019-03-10,301.185,100.0,4.52,64.0
50,port hardy,CA,50.7,50.7,2019-03-10,279.15,56.0,3.1,90.0
51,isangel,VU,-19.55,-19.55,2019-03-10,303.15,74.0,1.5,75.0
52,hay river,CA,60.82,60.82,2019-03-10,274.15,55.0,3.6,90.0
53,coquimbo,CL,-29.95,-29.95,2019-03-10,289.15,82.0,3.1,0.0
54,pevek,RU,69.7,69.7,2019-03-10,250.035,84.0,1.17,0.0
55,cabo san lucas,MX,22.89,22.89,2019-03-10,296.15,64.0,2.1,75.0
56,codrington,AU,-28.95,-28.95,2019-03-10,309.15,49.0,3.6,32.0
57,haines junction,CA,60.75,60.75,2019-03-10,270.21,76.0,2.17,76.0
58,poum,MK,41.28,41.28,2019-03-10,276.51,77.0,0.97,44.0
59,lagoa,PT,37.14,37.14,2019-03-10,289.15,77.0,3.1,0.0
60,houma,CN,35.63,35.63,2019-03-10,282.46,48.0,2.37,0.0
61,salme,TD,13.3,13.3,2019-03-10,292.16,20.0,4.62,0.0
62,katsuura,JP,33.93,33.93,2019-03-10,288.15,76.0,7.7,75.0
63,strelka,RU,58.08,58.08,2019-03-10,267.46,72.0,2.87,64.0
64,saskylakh,RU,71.97,71.97,2019-03-10,248.71,75.0,2.32,48.0
65,carnarvon,ZA,-30.97,-30.97,2019-03-10,277.135,68.0,1.47,0.0
66,qaanaaq,GL,77.48,77.48,2019-03-10,250.285,97.0,4.37,48.0
67,nanortalik,GL,60.14,60.14,2019-03-10,270.31,100.0,12.47,0.0
68,new norfolk,AU,-42.78,-42.78,2019-03-10,293.15,34.0,4.6,20.0
69,puerto ayora,EC,-0.74,-0.74,2019-03-10,299.285,97.0,4.02,0.0
70,tiznit,MA,29.7,29.7,2019-03-10,285.31,79.0,1.32,0.0
71,comodoro rivadavia,AR,-45.87,-45.87,2019-03-10,301.15,30.0,1.5,0.0
72,sitka,US,37.17,37.17,2019-03-10,276.66,62.0,4.57,68.0
73,hilo,US,19.71,19.71,2019-03-10,296.48,69.0,6.7,90.0
74,mahajanga,MG,-15.72,-15.72,2019-03-10,296.15,94.0,3.1,40.0
75,chicama,PE,-7.84,-7.84,2019-03-10,295.46,85.0,1.52,64.0
76,iquique,CL,-20.22,-20.22,2019-03-10,295.15,68.0,5.7,0.0
77,rocha,UY,-34.48,-34.48,2019-03-10,286.01,88.0,2.67,0.0
78,la ronge,CA,55.1,55.1,2019-03-10,267.15,53.0,3.6,20.0
79,lebu,ET,8.96,8.96,2019-03-10,278.41,79.0,1.42,0.0
80,jumla,NP,29.28,29.28,2019-03-10,269.085,76.0,0.87,0.0
81,east london,ZA,-33.02,-33.02,2019-03-10,296.06,100.0,10.52,92.0
82,ancud,CL,-41.87,-41.87,2019-03-10,286.15,82.0,0.42,0.0
83,san alberto,PY,-24.98,-24.98,2019-03-10,297.15,83.0,3.6,0.0
84,bethel,US,60.79,60.79,2019-03-10,276.15,93.0,2.1,90.0
85,yima,CN,34.75,34.75,2019-03-10,283.96,51.0,3.67,0.0
86,takhtamygda,RU,54.1,54.1,2019-03-10,267.685,60.0,4.32,80.0
87,tasiilaq,GL,65.61,65.61,2019-03-10,266.15,62.0,1.0,76.0
88,pitimbu,BR,-7.47,-7.47,2019-03-10,299.15,83.0,2.1,0.0
89,liverpool,GB,53.41,53.41,2019-03-10,278.15,69.0,9.3,92.0
90,pacifica,US,37.61,37.61,2019-03-10,284.82,66.0,1.97,90.0
91,zhigansk,RU,66.77,66.77,2019-03-10,260.785,75.0,1.12,64.0
92,san cristobal,EC,-0.39,-0.39,2019-03-10,287.15,93.0,4.1,40.0
93,upernavik,GL,72.79,72.79,2019-03-10,253.86,100.0,4.67,20.0
94,provideniya,RU,64.42,64.42,2019-03-10,266.15,73.0,12.0,75.0
95,roma,IT,41.89,41.89,2019-03-10,287.59,82.0,5.1,40.0
96,porosozero,RU,62.72,62.72,2019-03-10,267.285,82.0,2.17,36.0
97,geraldton,CA,49.72,49.72,2019-03-10,271.15,86.0,3.6,90.0
98,hillsborough,US,37.57,37.57,2019-03-10,284.82,66.0,1.97,90.0
99,olavarria,AR,-36.89,-36.89,2019-03-10,288.01,65.0,4.87,0.0
100,yellowknife,CA,62.45,62.45,2019-03-10,263.15,78.0,2.1,75.0
101,dikson,RU,73.51,73.51,2019-03-10,259.31,83.0,5.17,56.0
102,bredasdorp,ZA,-34.53,-34.53,2019-03-10,292.15,82.0,7.2,92.0
103,mujiayingzi,CN,42.12,42.12,2019-03-10,277.81,72.0,3.32,0.0
104,kaligutan,PH,7.7,7.7,2019-03-10,301.15,69.0,3.6,75.0
105,georgetown,GY,6.8,6.8,2019-03-10,298.15,83.0,4.1,0.0
106,tazovskiy,RU,67.47,67.47,2019-03-10,266.385,86.0,3.92,76.0
107,airai,TL,-8.93,-8.93,2019-03-10,297.21,78.0,1.07,92.0
108,tarnogskiy gorodok,RU,60.5,60.5,2019-03-10,273.085,95.0,4.17,88.0
109,pandamatenga,BW,-18.54,-18.54,2019-03-10,292.385,79.0,1.42,0.0
110,pijijiapan,MX,15.69,15.69,2019-03-10,295.06,84.0,0.67,0.0
111,aranos,NA,-24.14,-24.14,2019-03-10,289.435,30.0,2.32,0.0
112,cidreira,BR,-30.17,-30.17,2019-03-10,292.585,99.0,5.22,88.0
113,wajid,SO,3.81,3.81,2019-03-10,296.335,56.0,5.27,0.0
114,butaritari,KI,3.07,3.07,2019-03-10,301.035,100.0,7.07,76.0
115,chara,GR,39.42,39.42,2019-03-10,286.15,37.0,2.6,40.0
116,ambon,FR,47.55,47.55,2019-03-10,282.04,86.0,3.6,0.0
117,muros,ES,42.77,42.77,2019-03-10,284.82,93.0,0.5,0.0
118,shushenskoye,RU,53.33,53.33,2019-03-10,263.15,66.0,1.87,0.0
119,gravdal,NO,59.79,59.79,2019-03-10,274.15,64.0,3.6,44.0
120,kautokeino,NO,69.01,69.01,2019-03-10,255.66,58.0,2.27,0.0
121,thompson,CA,55.74,55.74,2019-03-10,257.15,71.0,1.77,20.0
122,cheyenne,US,41.14,41.14,2019-03-10,277.04,69.0,3.6,40.0
123,krasnogvardeyskiy,RU,57.38,57.38,2019-03-10,265.335,71.0,1.72,56.0
124,bandarbeyla,SO,9.49,9.49,2019-03-10,299.31,100.0,6.32,0.0
125,rabo de peixe,PT,37.8,37.8,2019-03-10,288.15,82.0,5.7,40.0
126,qandala,SO,11.47,11.47,2019-03-10,290.635,96.0,2.42,0.0
127,poltsamaa,EE,58.65,58.65,2019-03-10,271.15,86.0,3.1,40.0
128,esperance,TT,10.24,10.24,2019-03-10,299.26,78.0,6.2,40.0
129,neiafu,TO,-18.65,-18.65,2019-03-10,302.15,74.0,4.6,40.0
130,chimoio,MZ,-19.11,-19.11,2019-03-10,293.15,94.0,3.1,40.0
131,antalaha,MG,-14.9,-14.9,2019-03-10,297.56,100.0,1.87,100.0
132,bilibino,RU,68.06,68.06,2019-03-10,254.91,63.0,1.42,8.0
133,abu kamal,SY,34.45,34.45,2019-03-10,278.91,87.0,3.77,0.0
134,saint-francois,FR,46.42,46.42,2019-03-10,280.15,81.0,2.1,0.0
135,ust-maya,RU,60.42,60.42,2019-03-10,264.835,67.0,1.62,24.0
136,manzanillo,CU,20.34,20.34,2019-03-10,300.535,95.0,9.32,0.0
137,norman wells,CA,65.28,65.28,2019-03-10,272.15,50.0,2.1,75.0
138,chuy,UY,-33.69,-33.69,2019-03-10,290.31,88.0,4.37,0.0
139,castro,CL,-42.48,-42.48,2019-03-10,286.15,82.0,1.27,0.0
140,the valley,AI,18.22,18.22,2019-03-10,298.15,73.0,6.2,20.0
141,iskateley,RU,67.68,67.68,2019-03-10,265.335,84.0,2.67,88.0
142,miramar,CR,10.09,10.09,2019-03-10,295.15,68.0,8.2,0.0
143,egvekinot,RU,66.32,66.32,2019-03-10,254.185,66.0,6.77,44.0
144,hithadhoo,MV,-0.6,-0.6,2019-03-10,301.635,100.0,2.67,0.0
145,udachnyy,RU,66.42,66.42,2019-03-10,258.31,72.0,1.52,48.0
146,pisco,PE,-13.71,-13.71,2019-03-10,294.91,85.0,0.27,44.0
147,binga,ZW,-17.62,-17.62,2019-03-10,297.06,85.0,2.57,32.0
148,dordrecht,NL,51.8,51.8,2019-03-10,278.71,87.0,8.2,90.0
149,chimbarongo,CL,-34.71,-34.71,2019-03-10,294.15,49.0,2.6,36.0
150,thoen,TH,17.61,17.61,2019-03-10,303.26,34.0,1.22,0.0
151,waingapu,ID,-9.65,-9.65,2019-03-10,301.835,77.0,1.47,80.0
152,floresta,BR,-8.6,-8.6,2019-03-10,298.31,47.0,4.02,20.0
153,luderitz,NA,-26.65,-26.65,2019-03-10,288.385,84.0,5.57,0.0
154,zatoka,PL,50.04,50.04,2019-03-10,282.59,52.0,21.6,75.0
155,mar del plata,AR,-46.43,-46.43,2019-03-10,292.685,42.0,3.77,0.0
156,dunda,IN,30.62,30.62,2019-03-10,283.15,87.0,2.1,20.0
157,thinadhoo,MV,0.53,0.53,2019-03-10,301.41,100.0,2.02,56.0
158,buin,CL,-33.73,-33.73,2019-03-10,292.15,52.0,3.1,0.0
159,mount gambier,AU,-37.83,-37.83,2019-03-10,290.15,67.0,6.2,90.0
160,mbandaka,CD,0.05,0.05,2019-03-10,296.16,97.0,1.02,36.0
161,saint-pierre,FR,48.95,48.95,2019-03-10,279.15,86.0,6.7,92.0
162,benjamin constant,BR,-4.38,-4.38,2019-03-10,298.15,100.0,1.17,40.0
163,marica,BR,-22.92,-22.92,2019-03-10,301.15,74.0,2.6,40.0
164,beckley,US,37.78,37.78,2019-03-10,286.15,66.0,2.77,1.0
165,kambja,EE,58.23,58.23,2019-03-10,271.15,86.0,3.1,40.0
166,saint george,GR,39.45,39.45,2019-03-10,286.15,37.0,2.6,40.0
167,severo-kurilsk,RU,50.68,50.68,2019-03-10,271.21,97.0,8.17,64.0
168,yulara,AU,-25.24,-25.24,2019-03-10,313.15,15.0,7.2,0.0
169,keti bandar,PK,24.14,24.14,2019-03-10,296.385,90.0,5.77,0.0
170,asekeyevo,RU,53.57,53.57,2019-03-10,274.335,92.0,5.72,92.0
171,aksarka,RU,66.56,66.56,2019-03-10,265.06,86.0,4.22,80.0
172,abu samrah,SY,35.3,35.3,2019-03-10,279.51,91.0,3.17,12.0
173,kaniama,CD,-7.57,-7.57,2019-03-10,293.435,89.0,0.97,8.0
174,dunedin,NZ,-45.87,-45.87,2019-03-10,291.48,72.0,8.05,8.0
175,kodiak,US,39.95,39.95,2019-03-10,274.26,81.0,1.32,90.0
176,honjo,JP,39.38,39.38,2019-03-10,282.15,81.0,3.1,75.0
177,jimo,CN,36.39,36.39,2019-03-10,285.37,93.0,5.0,90.0
178,cabedelo,BR,-6.97,-6.97,2019-03-10,299.15,83.0,2.1,0.0
179,saint-philippe,CA,45.36,45.36,2019-03-10,275.93,93.0,7.2,90.0
180,hasaki,JP,35.73,35.73,2019-03-10,285.37,87.0,8.7,75.0
181,kapaa,US,22.08,22.08,2019-03-10,299.15,69.0,7.7,90.0
182,lake city,US,38.03,38.03,2019-03-10,270.37,68.0,1.47,75.0
183,wabana,CA,47.63,47.63,2019-03-10,268.71,85.0,5.1,5.0
184,bismarck,US,46.81,46.81,2019-03-10,266.15,100.0,2.1,20.0
185,itoman,JP,26.12,26.12,2019-03-10,293.15,56.0,4.6,75.0
186,souillac,FR,45.6,45.6,2019-03-10,280.37,87.0,3.1,24.0
187,magistralnyy,RU,56.17,56.17,2019-03-10,265.535,53.0,1.97,32.0
188,sao joao da barra,BR,-21.64,-21.64,2019-03-10,300.335,100.0,2.52,12.0
189,watertown,US,44.9,44.9,2019-03-10,266.15,85.0,3.6,1.0
190,kaka,TM,37.35,37.35,2019-03-10,271.66,84.0,1.42,0.0
191,eyrarbakki,IS,63.86,63.86,2019-03-10,271.15,63.0,4.6,0.0
192,ponta delgada,PT,37.73,37.73,2019-03-10,288.15,82.0,5.7,40.0
193,zuwarah,LY,32.93,32.93,2019-03-10,288.51,92.0,6.47,80.0
194,mayo,CA,63.59,63.59,2019-03-10,275.15,51.0,1.5,90.0
195,monte alegre,BR,-2.0,-2.0,2019-03-10,296.56,98.0,1.32,88.0
196,kaitangata,NZ,-46.28,-46.28,2019-03-10,294.935,59.0,4.47,0.0
197,harlingen,US,26.19,26.19,2019-03-10,299.26,88.0,3.6,90.0
198,taseyevo,RU,57.22,57.22,2019-03-10,268.41,67.0,3.22,44.0
199,port hedland,AU,-20.31,-20.31,2019-03-10,307.15,67.0,6.2,0.0
200,alexandroupoli,GR,40.85,40.85,2019-03-10,283.15,84.0,0.89,36.0
201,fortuna,ES,38.18,38.18,2019-03-10,286.48,87.0,0.5,0.0
202,port elizabeth,US,39.31,39.31,2019-03-10,284.26,93.0,6.22,1.0
203,hickory,US,35.73,35.73,2019-03-10,289.15,67.0,3.1,1.0
204,san jeronimo,PE,-13.65,-13.65,2019-03-10,278.435,96.0,0.27,44.0
205,lompoc,US,34.64,34.64,2019-03-10,287.15,66.0,4.6,40.0
206,te anau,NZ,-45.41,-45.41,2019-03-10,287.635,95.0,1.72,100.0
207,ketchikan,US,55.34,55.34,2019-03-10,279.15,93.0,5.1,90.0
208,sioux lookout,CA,50.1,50.1,2019-03-10,267.15,85.0,5.1,90.0
209,victoria,BN,5.28,5.28,2019-03-10,300.15,88.0,2.1,75.0
210,vardo,US,39.62,39.62,2019-03-10,284.26,100.0,4.02,1.0
211,ailigandi,PA,9.23,9.23,2019-03-10,299.06,81.0,3.12,76.0
212,nimaparha,IN,20.07,20.07,2019-03-10,299.15,94.0,6.97,40.0
213,praia,BR,-20.25,-20.25,2019-03-10,299.15,57.0,2.6,75.0
214,khatanga,RU,71.98,71.98,2019-03-10,254.435,68.0,4.02,0.0
215,ngunguru,NZ,-35.62,-35.62,2019-03-10,297.04,60.0,3.13,20.0
216,necochea,AR,-38.55,-38.55,2019-03-10,288.15,80.0,1.34,0.0
217,thunder bay,CA,48.41,48.41,2019-03-10,272.04,86.0,5.1,90.0
218,zhanaozen,KZ,43.35,43.35,2019-03-10,277.335,74.0,5.37,32.0
219,gubkinskiy,RU,64.43,64.43,2019-03-10,271.785,92.0,6.17,88.0
220,morehead,US,38.18,38.18,2019-03-10,285.15,67.0,2.6,1.0
221,taoudenni,ML,22.68,22.68,2019-03-10,286.135,39.0,4.82,0.0
222,teya,MX,21.05,21.05,2019-03-10,305.15,40.0,5.1,20.0
223,henties bay,NA,-22.12,-22.12,2019-03-10,289.26,88.0,0.89,0.0
224,nusaybin,TR,37.08,37.08,2019-03-10,273.91,76.0,1.17,0.0
225,susanville,US,40.42,40.42,2019-03-10,278.71,64.0,2.6,75.0
226,vila franca do campo,PT,37.72,37.72,2019-03-10,288.15,82.0,5.7,40.0
227,bintulu,MY,3.17,3.17,2019-03-10,298.15,88.0,2.6,75.0
228,ponta do sol,BR,-20.63,-20.63,2019-03-10,291.06,95.0,0.77,68.0
229,grand baie,MU,-20.02,-20.02,2019-03-10,297.04,88.0,2.6,20.0
230,ankazobe,MG,-18.32,-18.32,2019-03-10,292.15,93.0,2.1,75.0
231,samarai,PG,-10.62,-10.62,2019-03-10,301.185,100.0,4.22,48.0
232,naze,NG,5.43,5.43,2019-03-10,295.935,93.0,1.67,20.0
233,bukachacha,RU,52.99,52.99,2019-03-10,264.635,32.0,3.92,8.0
234,pringsewu,ID,-5.36,-5.36,2019-03-10,296.46,100.0,1.07,92.0
235,cayenne,GF,4.94,4.94,2019-03-10,299.15,83.0,3.6,75.0
236,cap-aux-meules,CA,47.38,47.38,2019-03-10,268.15,73.0,6.2,90.0
237,arraial do cabo,BR,-22.97,-22.97,2019-03-10,299.31,94.0,3.92,44.0
238,sandnessjoen,NO,66.02,66.02,2019-03-10,269.15,58.0,2.6,0.0
239,riverton,US,43.02,43.02,2019-03-10,273.15,53.0,1.17,1.0
240,fare,PF,-16.7,-16.7,2019-03-10,300.685,100.0,4.22,76.0
241,grootfontein,NA,-19.56,-19.56,2019-03-10,287.91,41.0,2.87,0.0
242,baykit,RU,61.68,61.68,2019-03-10,264.76,80.0,3.17,76.0
243,hualmay,PE,-11.1,-11.1,2019-03-10,295.76,80.0,2.62,88.0
244,clyde river,CA,70.47,70.47,2019-03-10,242.15,74.0,1.0,1.0
245,kavieng,PG,-2.57,-2.57,2019-03-10,301.31,100.0,6.82,80.0
246,san miguel,AR,-34.54,-34.54,2019-03-10,293.15,72.0,5.1,20.0
247,slave lake,CA,55.28,55.28,2019-03-10,268.15,67.0,2.37,75.0
248,guerrero negro,MX,27.97,27.97,2019-03-10,284.56,90.0,2.62,0.0
249,carutapera,BR,-1.2,-1.2,2019-03-10,298.535,96.0,2.02,92.0
250,inirida,CO,3.87,3.87,2019-03-10,296.06,95.0,0.92,20.0
251,pokaran,IN,26.93,26.93,2019-03-10,289.335,89.0,2.97,0.0
252,ankazoabo,MG,-22.29,-22.29,2019-03-10,296.26,73.0,2.92,68.0
253,sisimiut,GL,66.94,66.94,2019-03-10,252.86,64.0,0.72,44.0
254,la malbaie,CA,47.66,47.66,2019-03-10,268.71,93.0,1.79,92.0
255,port moresby,PG,-9.47,-9.47,2019-03-10,302.15,79.0,5.1,40.0
256,narsaq,GL,60.91,60.91,2019-03-10,268.15,73.0,1.77,0.0
257,nikolskoye,RU,59.7,59.7,2019-03-10,269.15,85.0,1.0,0.0
258,palo alto,US,37.44,37.44,2019-03-10,285.15,87.0,3.6,75.0
259,bella vista,AR,-28.51,-28.51,2019-03-10,291.71,80.0,4.57,0.0
260,hambantota,LK,6.12,6.12,2019-03-10,296.15,100.0,1.5,90.0
261,pacific grove,US,36.62,36.62,2019-03-10,287.15,71.0,2.1,90.0
262,colares,PT,38.8,38.8,2019-03-10,287.04,87.0,7.2,20.0
263,la rioja,AR,-29.41,-29.41,2019-03-10,287.91,97.0,1.67,80.0
264,vagur,FO,61.47,61.47,2019-03-10,280.085,99.0,8.97,48.0
265,marystown,CA,47.17,47.17,2019-03-10,268.15,100.0,2.42,8.0
266,lypova dolyna,UA,50.56,50.56,2019-03-10,271.835,88.0,4.92,64.0
267,tiksi,RU,71.64,71.64,2019-03-10,251.435,59.0,1.77,8.0
268,plouzane,FR,48.38,48.38,2019-03-10,281.48,75.0,5.1,75.0
269,chegdomyn,RU,51.13,51.13,2019-03-10,273.685,49.0,3.07,56.0
270,beyneu,KZ,45.32,45.32,2019-03-10,276.46,77.0,4.82,48.0
271,buchanan,LR,5.88,5.88,2019-03-10,298.15,94.0,1.67,40.0
272,ilulissat,GL,69.22,69.22,2019-03-10,262.15,66.0,3.6,76.0
273,omsukchan,RU,62.53,62.53,2019-03-10,254.935,70.0,1.67,68.0
274,birao,CF,10.3,10.3,2019-03-10,292.66,28.0,5.27,0.0
275,tura,IN,25.52,25.52,2019-03-10,294.26,72.0,1.67,0.0
276,deep river,CA,46.1,46.1,2019-03-10,274.82,86.0,4.1,90.0
277,praxedis guerrero,MX,31.37,31.37,2019-03-10,287.59,62.0,3.1,75.0
278,leningradskiy,RU,69.38,69.38,2019-03-10,252.76,80.0,0.62,48.0
279,severo-yeniseyskiy,RU,60.37,60.37,2019-03-10,267.66,69.0,3.62,88.0
280,yar-sale,RU,66.83,66.83,2019-03-10,268.035,91.0,6.92,80.0
281,voi,KE,-3.4,-3.4,2019-03-10,289.035,85.0,1.07,20.0
282,salalah,OM,17.01,17.01,2019-03-10,297.15,15.0,3.1,0.0
283,ballina,IE,54.11,54.11,2019-03-10,279.26,86.0,3.58,68.0
284,bagdarin,RU,54.44,54.44,2019-03-10,260.96,35.0,3.97,44.0
285,nome,US,30.04,30.04,2019-03-10,295.93,83.0,2.1,40.0
286,praia da vitoria,PT,38.73,38.73,2019-03-10,289.15,87.0,7.62,75.0
287,denpasar,ID,-8.65,-8.65,2019-03-10,302.15,83.0,4.1,20.0
288,nemuro,JP,43.32,43.32,2019-03-10,273.15,94.0,4.6,75.0
289,hamilton,CA,43.26,43.26,2019-03-10,276.48,80.0,10.8,90.0
290,straumen,NO,63.87,63.87,2019-03-10,270.93,85.0,3.6,75.0
291,tyukhtet,RU,56.54,56.54,2019-03-10,266.635,76.0,4.77,64.0
292,matucana,PE,-11.84,-11.84,2019-03-10,278.435,94.0,0.97,64.0
293,sulangan,PH,11.14,11.14,2019-03-10,300.21,100.0,2.57,0.0
294,cherskiy,RU,68.75,68.75,2019-03-10,252.71,67.0,1.17,8.0
295,palmdale,US,34.58,34.58,2019-03-10,288.15,66.0,2.1,40.0
296,makamba,BI,-4.13,-4.13,2019-03-10,288.16,89.0,1.22,44.0
297,havoysund,NO,71.0,71.0,2019-03-10,268.15,85.0,8.2,24.0
298,sacramento,US,38.58,38.58,2019-03-10,287.15,50.0,6.2,40.0
299,ati,TD,13.21,13.21,2019-03-10,293.785,19.0,4.87,8.0
300,elat,CM,2.91,2.91,2019-03-10,294.085,96.0,1.17,76.0
301,fairview,US,40.81,40.81,2019-03-10,279.26,93.0,4.02,90.0
302,marawi,PH,8.0,8.0,2019-03-10,300.37,73.0,2.24,12.0
303,charters towers,AU,-20.07,-20.07,2019-03-10,303.71,69.0,2.22,0.0
304,lagunas,PE,-5.23,-5.23,2019-03-10,297.285,92.0,0.97,48.0
305,sibolga,ID,1.74,1.74,2019-03-10,297.81,90.0,0.87,8.0
306,bay roberts,CA,47.58,47.58,2019-03-10,268.71,85.0,5.1,5.0
307,bougouni,ML,11.42,11.42,2019-03-10,294.785,36.0,3.47,20.0
308,okhotsk,RU,59.36,59.36,2019-03-10,265.285,76.0,4.52,0.0
309,puerto colombia,CO,10.99,10.99,2019-03-10,299.15,78.0,8.2,20.0
310,umm lajj,SA,25.02,25.02,2019-03-10,286.535,100.0,3.17,8.0
311,portland,US,45.52,45.52,2019-03-10,282.59,42.0,7.2,20.0
312,tanout,NE,14.97,14.97,2019-03-10,295.46,22.0,4.82,0.0
313,shahkot,IN,31.08,31.08,2019-03-10,288.81,74.0,3.72,92.0
314,las cruces,CL,-33.5,-33.5,2019-03-10,288.15,82.0,1.5,0.0
315,alofi,NU,-19.06,-19.06,2019-03-10,303.15,70.0,6.7,92.0
316,doha,QA,25.29,25.29,2019-03-10,289.15,59.0,1.0,0.0
317,mounana,GA,-1.38,-1.38,2019-03-10,297.535,90.0,1.07,88.0
318,verkhnevilyuysk,RU,63.45,63.45,2019-03-10,261.66,69.0,1.92,56.0
319,sangar,RU,63.92,63.92,2019-03-10,260.635,67.0,1.52,68.0
320,uruzgan,AF,32.93,32.93,2019-03-10,268.885,84.0,0.27,80.0
321,klaksvik,FO,62.23,62.23,2019-03-10,275.15,93.0,6.2,8.0
322,mareeba,AU,-16.99,-16.99,2019-03-10,305.93,62.0,4.6,40.0
323,maldonado,UY,-34.91,-34.91,2019-03-10,289.15,77.0,3.1,20.0
324,santa vitoria do palmar,BR,-33.52,-33.52,2019-03-10,290.31,88.0,4.37,0.0
325,nioro,GM,13.79,13.79,2019-03-10,292.335,52.0,2.07,0.0
326,mango,IT,44.69,44.69,2019-03-10,288.15,76.0,2.6,75.0
327,liloan,PH,9.42,9.42,2019-03-10,301.15,74.0,4.1,75.0
328,harper,US,30.3,30.3,2019-03-10,294.26,77.0,1.5,75.0
329,ornskoldsvik,SE,63.29,63.29,2019-03-10,265.15,67.0,5.7,48.0
330,coihaique,CL,-45.58,-45.58,2019-03-10,288.15,58.0,1.5,0.0
331,coihueco,CL,-36.63,-36.63,2019-03-10,292.15,63.0,3.1,0.0
332,palora,EC,-1.7,-1.7,2019-03-10,288.085,100.0,0.97,48.0
333,kalachinsk,RU,55.05,55.05,2019-03-10,268.035,89.0,5.02,80.0
334,upington,ZA,-28.46,-28.46,2019-03-10,289.15,41.0,0.5,0.0
335,mackenzie,CA,55.34,55.34,2019-03-10,271.15,79.0,7.2,90.0
336,tuatapere,NZ,-46.13,-46.13,2019-03-10,293.15,71.0,0.45,92.0
337,kasongo,CD,-4.43,-4.43,2019-03-10,293.91,94.0,0.97,88.0
338,kieta,PG,-6.22,-6.22,2019-03-10,299.785,95.0,5.82,88.0
339,gushikawa,JP,26.35,26.35,2019-03-10,293.15,56.0,4.6,75.0
340,totness,US,33.74,33.74,2019-03-10,294.82,82.0,1.82,40.0
341,nador,MA,35.17,35.17,2019-03-10,284.15,62.0,1.0,0.0
342,manaus,BR,-3.13,-3.13,2019-03-10,300.15,83.0,2.6,0.0
343,ekhabi,RU,53.51,53.51,2019-03-10,271.385,96.0,2.97,24.0
344,yumen,CN,40.29,40.29,2019-03-10,275.56,48.0,0.72,0.0
345,coos bay,US,43.37,43.37,2019-03-10,285.37,57.0,5.7,1.0
346,ajdabiya,LY,30.75,30.75,2019-03-10,280.91,54.0,1.27,0.0
347,taos,US,36.41,36.41,2019-03-10,282.15,44.0,4.1,24.0
348,ribeira brava,PT,32.65,32.65,2019-03-10,289.15,72.0,7.7,20.0
349,vestmanna,FO,62.16,62.16,2019-03-10,275.15,93.0,6.2,56.0
350,mwinilunga,ZM,-11.73,-11.73,2019-03-10,290.01,96.0,1.67,44.0
351,corn island,NI,12.17,12.17,2019-03-10,299.685,100.0,7.27,92.0
352,pimentel,BR,-3.7,-3.7,2019-03-10,296.66,95.0,1.42,36.0
353,lasa,CY,34.92,34.92,2019-03-10,285.15,87.0,3.1,20.0
354,effingham,US,39.12,39.12,2019-03-10,278.15,81.0,1.5,1.0
355,kholodnyy,RU,62.72,62.72,2019-03-10,254.21,62.0,1.67,44.0
356,chapais,CA,49.78,49.78,2019-03-10,267.15,85.0,5.1,90.0
357,manacapuru,BR,-3.3,-3.3,2019-03-10,299.15,83.0,1.5,0.0
358,gamba,CN,28.28,28.28,2019-03-10,260.26,82.0,1.52,0.0
359,alcudia,ES,39.85,39.85,2019-03-10,288.71,100.0,1.17,8.0
360,rawson,AR,-43.3,-43.3,2019-03-10,298.685,22.0,8.77,0.0
361,nichinan,JP,31.65,31.65,2019-03-10,290.37,51.0,5.1,20.0
362,vila velha,BR,-3.71,-3.71,2019-03-10,298.15,94.0,1.0,40.0
363,dongsheng,CN,29.72,29.72,2019-03-10,288.435,63.0,4.47,80.0
364,dingle,PH,11.0,11.0,2019-03-10,303.66,61.0,2.42,0.0
365,sao filipe,CV,14.9,14.9,2019-03-10,294.91,95.0,5.82,0.0
366,bosobolo,CD,4.19,4.19,2019-03-10,291.935,82.0,1.27,0.0
367,havelock,US,34.88,34.88,2019-03-10,293.15,100.0,6.2,90.0
368,ixtapa,MX,20.71,20.71,2019-03-10,298.15,83.0,2.6,5.0
369,carmona,ES,37.47,37.47,2019-03-10,288.71,76.0,0.92,0.0
370,bud,NO,62.91,62.91,2019-03-10,273.15,100.0,4.1,64.0
371,ketovo,RU,55.35,55.35,2019-03-10,273.51,97.0,3.77,92.0
372,rio gallegos,AR,-51.62,-51.62,2019-03-10,288.15,47.0,5.7,40.0
373,yarim,YE,14.3,14.3,2019-03-10,277.16,80.0,0.72,0.0
374,woodward,US,36.43,36.43,2019-03-10,280.15,35.0,3.1,1.0
375,poronaysk,RU,49.22,49.22,2019-03-10,273.635,82.0,1.77,20.0
376,roald,NO,62.58,62.58,2019-03-10,273.15,90.0,4.1,64.0
377,mabay,CU,20.35,20.35,2019-03-10,298.15,78.0,6.2,20.0
378,saint anthony,US,43.97,43.97,2019-03-10,275.15,50.0,2.6,1.0
379,sabinov,SK,49.1,49.1,2019-03-10,279.26,86.0,3.1,0.0
380,launceston,AU,-41.43,-41.43,2019-03-10,292.15,39.0,7.2,0.0
381,kermanshah,IR,34.32,34.32,2019-03-10,280.15,70.0,3.1,75.0
382,kanniyakumari,IN,8.08,8.08,2019-03-10,301.385,100.0,1.67,0.0
383,tymovskoye,RU,50.85,50.85,2019-03-10,275.06,47.0,1.87,8.0
384,great yarmouth,GB,52.61,52.61,2019-03-10,277.04,100.0,7.7,88.0
385,nekrasovka,RU,48.35,48.35,2019-03-10,275.15,34.0,3.0,0.0
386,sur,OM,22.57,22.57,2019-03-10,292.46,100.0,2.07,0.0
387,ola,RU,59.58,59.58,2019-03-10,264.71,100.0,3.57,68.0
388,maceio,BR,-9.67,-9.67,2019-03-10,296.15,88.0,2.1,0.0
389,torbay,CA,47.66,47.66,2019-03-10,268.71,85.0,5.1,5.0
390,awjilah,LY,29.14,29.14,2019-03-10,283.81,44.0,2.22,0.0
391,presidencia roque saenz pena,AR,-26.79,-26.79,2019-03-10,293.835,73.0,4.57,76.0
392,cassia,US,28.89,28.89,2019-03-10,298.71,73.0,2.6,40.0
393,longyearbyen,NO,78.22,78.22,2019-03-10,257.15,65.0,4.6,20.0
394,guacimo,CO,8.09,8.09,2019-03-10,297.085,89.0,0.42,36.0
395,changping,CN,40.22,40.22,2019-03-10,289.82,27.0,8.0,0.0
396,college,US,64.86,64.86,2019-03-10,279.15,35.0,2.12,75.0
397,lavrentiya,RU,65.58,65.58,2019-03-10,264.435,100.0,18.97,80.0
398,yemelyanovo,RU,56.17,56.17,2019-03-10,267.15,48.0,2.0,0.0
399,traverse city,US,44.76,44.76,2019-03-10,275.15,74.0,10.97,90.0
400,salinopolis,BR,-0.61,-0.61,2019-03-10,299.335,100.0,3.57,92.0
401,uspenka,UA,48.39,48.39,2019-03-10,275.41,92.0,7.72,0.0
402,saint-georges,CA,46.12,46.12,2019-03-10,272.04,96.0,4.57,92.0
403,beringovskiy,RU,63.05,63.05,2019-03-10,260.135,85.0,13.37,88.0
404,tagusao,PH,9.19,9.19,2019-03-10,302.66,69.0,1.77,0.0
405,ipixuna,BR,-1.76,-1.76,2019-03-10,297.15,94.0,1.5,75.0
406,grindavik,IS,63.84,63.84,2019-03-10,272.15,74.0,3.1,0.0
407,high level,CA,58.52,58.52,2019-03-10,273.15,77.0,1.5,90.0
408,kiunga,PG,-6.12,-6.12,2019-03-10,299.91,86.0,1.37,88.0
409,umtata,ZA,-31.59,-31.59,2019-03-10,290.15,88.0,8.2,92.0
410,muncie,US,40.19,40.19,2019-03-10,277.15,88.0,5.1,1.0
411,grand gaube,MU,-20.01,-20.01,2019-03-10,297.04,88.0,2.6,20.0
412,deputatskiy,RU,69.3,69.3,2019-03-10,254.535,75.0,1.82,44.0
413,veshenskaya,RU,49.63,49.63,2019-03-10,274.26,92.0,6.02,92.0
414,tecoh,MX,20.74,20.74,2019-03-10,305.15,40.0,5.1,20.0
415,broome,GB,52.47,52.47,2019-03-10,277.04,91.0,7.7,68.0
416,san patricio,PY,-26.98,-26.98,2019-03-10,296.885,76.0,2.42,36.0
417,tomatlan,MX,19.93,19.93,2019-03-10,293.96,92.0,1.02,0.0
418,olinda,EC,-2.03,-2.03,2019-03-10,298.71,94.0,3.6,75.0
419,saint-louis,CH,47.59,47.59,2019-03-10,280.15,65.0,3.1,0.0
420,tokur,RU,53.13,53.13,2019-03-10,272.01,47.0,1.77,76.0
421,anadyr,RU,64.73,64.73,2019-03-10,257.15,84.0,3.0,90.0
422,husavik,CA,50.56,50.56,2019-03-10,262.04,80.0,2.57,12.0
423,vanavara,RU,60.35,60.35,2019-03-10,262.585,80.0,2.52,76.0
424,menongue,AO,-14.66,-14.66,2019-03-10,289.435,96.0,1.17,88.0
425,nova bystrice,CZ,49.02,49.02,2019-03-10,278.71,60.0,7.6,88.0
426,sechura,PE,-5.56,-5.56,2019-03-10,297.41,87.0,1.87,76.0
427,laguna,MX,27.52,27.52,2019-03-10,294.15,46.0,2.1,90.0
428,lazaro cardenas,MX,28.39,28.39,2019-03-10,296.15,25.0,6.7,90.0
429,fort nelson,CA,58.81,58.81,2019-03-10,273.15,78.0,1.5,75.0
430,iqaluit,CA,63.75,63.75,2019-03-10,247.59,75.0,3.6,5.0
431,whitecourt,CA,54.14,54.14,2019-03-10,277.15,29.0,1.5,75.0
432,nizhniy tsasuchey,RU,50.52,50.52,2019-03-10,267.06,27.0,9.87,0.0
433,lensk,RU,60.71,60.71,2019-03-10,263.26,59.0,3.22,68.0
434,emerald,AU,-23.53,-23.53,2019-03-10,309.26,34.0,3.1,0.0
435,preobrazheniye,RU,42.9,42.9,2019-03-10,275.96,33.0,1.12,80.0
436,znamenskoye,RU,57.13,57.13,2019-03-10,271.51,92.0,4.32,88.0
437,parchim,DE,53.43,53.43,2019-03-10,275.93,89.0,4.1,75.0
438,kruisfontein,ZA,-34.0,-34.0,2019-03-10,292.26,92.0,7.17,88.0
439,scarborough,GB,54.28,54.28,2019-03-10,277.15,91.0,8.7,8.0
440,bukama,CD,-9.2,-9.2,2019-03-10,293.435,94.0,1.32,64.0
441,sungaipenuh,ID,-2.08,-2.08,2019-03-10,297.035,80.0,0.52,44.0
442,robertsport,LR,6.75,6.75,2019-03-10,299.835,100.0,1.32,56.0
443,san onofre,CO,9.74,9.74,2019-03-10,301.21,73.0,3.77,20.0
444,ozernovskiy,RU,51.5,51.5,2019-03-10,269.06,81.0,8.17,44.0
445,talnakh,RU,69.49,69.49,2019-03-10,265.335,83.0,5.37,88.0
446,yining,CN,29.04,29.04,2019-03-10,288.81,67.0,1.42,56.0
447,hit,IQ,33.64,33.64,2019-03-10,281.16,76.0,4.62,0.0
448,wum,CM,6.39,6.39,2019-03-10,290.56,96.0,1.07,0.0
449,ambilobe,MG,-13.19,-13.19,2019-03-10,295.26,94.0,1.27,64.0
450,lyubim,RU,58.36,58.36,2019-03-10,273.035,90.0,4.57,92.0
451,taltal,CL,-25.41,-25.41,2019-03-10,286.785,96.0,1.07,0.0
452,meulaboh,ID,4.14,4.14,2019-03-10,300.51,100.0,1.37,0.0
453,lubango,AO,-14.92,-14.92,2019-03-10,287.685,91.0,0.42,0.0
454,mlonggo,ID,-6.53,-6.53,2019-03-10,301.15,78.0,1.0,20.0
455,pinsk,BY,52.11,52.11,2019-03-10,278.81,93.0,10.02,92.0
456,curitibanos,BR,-27.29,-27.29,2019-03-10,290.37,99.0,2.47,92.0
457,knokke-heist,BE,51.33,51.33,2019-03-10,279.15,94.0,12.9,48.0
458,midland,US,32.0,32.0,2019-03-10,282.15,87.0,5.1,36.0
459,pavlovsk,RU,53.31,53.31,2019-03-10,263.15,92.0,5.0,40.0
460,wukari,NG,7.87,7.87,2019-03-10,298.01,87.0,3.42,8.0
461,galeana,MX,24.83,24.83,2019-03-10,290.37,17.0,1.79,0.0
462,tondabayashi,JP,34.48,34.48,2019-03-10,287.59,71.0,12.3,20.0
463,port blair,IN,11.67,11.67,2019-03-10,296.15,88.0,1.0,20.0
464,cheremshan,RU,54.66,54.66,2019-03-10,274.26,95.0,3.72,92.0
465,sahbuz,AZ,39.41,39.41,2019-03-10,275.15,70.0,1.0,75.0
466,durusu,TR,37.53,37.53,2019-03-10,275.15,100.0,3.1,0.0
467,arkhangelsk,RU,64.54,64.54,2019-03-10,272.15,92.0,3.0,40.0
468,avera,US,33.19,33.19,2019-03-10,293.15,88.0,1.5,75.0
469,bida,NG,9.08,9.08,2019-03-10,298.51,79.0,3.07,56.0
470,blagoyevo,RU,63.37,63.37,2019-03-10,269.06,90.0,2.27,24.0
471,baturaja,ID,-4.12,-4.12,2019-03-10,301.66,85.0,2.22,36.0
472,moultrie,US,31.18,31.18,2019-03-10,295.37,83.0,2.12,40.0
473,nayudupeta,IN,13.91,13.91,2019-03-10,300.15,74.0,3.6,20.0
474,sorong,ID,-0.86,-0.86,2019-03-10,301.46,98.0,2.67,88.0
475,weihai,CN,37.5,37.5,2019-03-10,282.59,78.0,4.92,92.0
476,gold coast,AU,-28.0,-28.0,2019-03-10,311.48,52.0,1.79,44.0
477,khandyga,RU,62.65,62.65,2019-03-10,261.26,64.0,1.42,8.0
478,methoni,GR,36.82,36.82,2019-03-10,284.26,81.0,5.92,0.0
479,cuamba,MZ,-14.8,-14.8,2019-03-10,289.785,94.0,1.72,8.0
480,solvychegodsk,RU,61.33,61.33,2019-03-10,270.435,88.0,3.42,56.0
481,tabuk,PH,17.41,17.41,2019-03-10,301.66,37.0,0.77,0.0
482,gaspe,CA,48.83,48.83,2019-03-10,268.15,73.0,2.6,90.0
483,petatlan,MX,17.52,17.52,2019-03-10,301.15,65.0,1.0,40.0
484,gopalganj,BD,23.01,23.01,2019-03-10,300.885,71.0,2.07,0.0
485,mahibadhoo,MV,3.78,3.78,2019-03-10,300.935,100.0,2.62,12.0
486,lorengau,PG,-2.02,-2.02,2019-03-10,299.435,100.0,7.27,92.0
487,vostok,RU,46.45,46.45,2019-03-10,275.56,50.0,1.77,68.0
488,pundaguitan,PH,6.37,6.37,2019-03-10,300.935,94.0,1.87,36.0
489,padang,ID,-0.92,-0.92,2019-03-10,299.15,83.0,1.0,40.0
490,uvira,CD,-3.41,-3.41,2019-03-10,288.46,100.0,1.57,24.0
491,san ramon,NI,12.92,12.92,2019-03-10,292.59,78.0,0.89,56.0
492,athabasca,CA,54.72,54.72,2019-03-10,264.085,73.0,4.77,0.0
493,grosseto,IT,42.76,42.76,2019-03-10,285.15,87.0,1.5,76.0
494,xining,CN,36.62,36.62,2019-03-10,272.81,20.0,2.47,0.0
495,acapulco,MX,16.86,16.86,2019-03-10,300.15,74.0,1.0,20.0
496,kondinskoye,RU,59.65,59.65,2019-03-10,267.885,86.0,3.12,0.0
497,isla aguada,MX,18.78,18.78,2019-03-10,305.15,49.0,5.7,5.0
498,tigil,RU,57.8,57.8,2019-03-10,266.56,85.0,3.47,68.0
499,kropotkin,RU,45.43,45.43,2019-03-10,277.04,86.0,8.27,12.0
500,monrovia,LR,6.33,6.33,2019-03-10,298.15,94.0,1.42,40.0
501,kurchum,KZ,48.57,48.57,2019-03-10,270.71,98.0,0.37,92.0
502,alice springs,AU,-23.7,-23.7,2019-03-10,311.15,16.0,5.7,0.0
503,bambanglipuro,ID,-7.95,-7.95,2019-03-10,300.81,94.0,1.87,24.0
504,surin,TH,14.88,14.88,2019-03-10,305.37,61.0,2.1,0.0
505,abu dhabi,AE,24.47,24.47,2019-03-10,288.15,87.0,3.1,0.0
506,chitrakonda,IN,18.12,18.12,2019-03-10,298.885,72.0,1.37,0.0
507,jalu,LY,29.03,29.03,2019-03-10,283.66,50.0,2.47,0.0
508,mangrol,IN,25.33,25.33,2019-03-10,291.15,68.0,2.12,20.0
509,half moon bay,US,37.46,37.46,2019-03-10,284.82,66.0,2.12,90.0
510,noceto,IT,44.81,44.81,2019-03-10,285.37,100.0,2.6,40.0
511,jamame,SO,0.07,0.07,2019-03-10,299.01,87.0,4.22,36.0
512,gabu,CN,34.78,34.78,2019-03-10,273.035,18.0,4.57,0.0
513,gaomi,CN,36.37,36.37,2019-03-10,278.15,93.0,5.0,90.0
514,eyl,SO,7.98,7.98,2019-03-10,296.835,100.0,6.12,0.0
515,kurilsk,RU,45.23,45.23,2019-03-10,273.035,90.0,6.32,32.0
516,beloha,MG,-25.17,-25.17,2019-03-10,295.635,77.0,5.67,32.0
517,mayumba,GA,-3.44,-3.44,2019-03-10,299.685,97.0,1.27,32.0
518,waipawa,NZ,-39.94,-39.94,2019-03-10,296.48,62.0,2.72,80.0
519,kampong thum,KH,12.71,12.71,2019-03-10,306.51,48.0,3.97,0.0
520,maitum,PH,6.06,6.06,2019-03-10,303.15,51.0,3.1,20.0
521,kuala lipis,MY,4.19,4.19,2019-03-10,300.81,87.0,1.57,0.0
522,paita,PE,-5.09,-5.09,2019-03-10,298.31,77.0,2.07,76.0
523,namatanai,PG,-3.66,-3.66,2019-03-10,299.31,100.0,2.92,92.0
524,terrace,CA,54.52,54.52,2019-03-10,273.71,71.0,10.8,90.0
525,kralendijk,BQ,12.15,12.15,2019-03-10,299.15,78.0,7.7,92.0
526,zemio,CF,5.02,5.02,2019-03-10,292.56,78.0,1.07,0.0
527,champerico,MX,16.38,16.38,2019-03-10,303.15,51.0,6.7,5.0
528,kayerkan,RU,69.35,69.35,2019-03-10,265.685,81.0,6.17,88.0
529,bonthe,SL,7.53,7.53,2019-03-10,298.41,96.0,1.02,0.0
530,westport,IE,53.8,53.8,2019-03-10,278.71,66.0,5.81,88.0
531,maragogi,BR,-9.01,-9.01,2019-03-10,295.335,97.0,1.87,8.0
532,mantsala,FI,60.63,60.63,2019-03-10,266.48,92.0,2.1,40.0
533,pangnirtung,CA,66.15,66.15,2019-03-10,246.71,68.0,1.82,36.0
534,wajima,JP,37.4,37.4,2019-03-10,282.15,93.0,4.6,75.0
535,roebourne,AU,-20.77,-20.77,2019-03-10,310.085,37.0,2.52,0.0
536,barrhead,CA,54.12,54.12,2019-03-10,271.15,54.0,4.1,1.0
537,marks,US,34.26,34.26,2019-03-10,288.15,76.0,4.6,80.0
538,bowen,AU,-20.01,-20.01,2019-03-10,305.37,66.0,3.6,40.0
539,belmonte,PT,40.36,40.36,2019-03-10,282.04,97.0,1.67,0.0
540,sept-iles,CA,50.2,50.2,2019-03-10,270.37,73.0,6.2,90.0
541,manbij,SY,36.53,36.53,2019-03-10,282.15,70.0,2.1,0.0
542,margate,AU,-43.03,-43.03,2019-03-10,293.15,34.0,4.6,20.0
543,putina,PE,-14.91,-14.91,2019-03-10,271.16,81.0,1.27,0.0
544,saint-claude,FR,46.39,46.39,2019-03-10,281.15,52.0,3.6,75.0
545,voznesenye,RU,61.02,61.02,2019-03-10,273.135,90.0,3.12,88.0
546,belawan,ID,-0.59,-0.59,2019-03-10,303.71,64.0,0.82,20.0
547,vila do maio,CV,15.13,15.13,2019-03-10,293.15,82.0,7.7,0.0
548,soyaux,FR,45.64,45.64,2019-03-10,280.15,87.0,2.1,0.0
549,kununurra,AU,-15.77,-15.77,2019-03-10,304.15,62.0,3.1,0.0
550,kwinana,AU,-32.25,-32.25,2019-03-10,300.37,64.0,3.6,0.0
551,bulgan,MN,48.81,48.81,2019-03-10,267.51,42.0,1.87,8.0
552,flin flon,CA,54.77,54.77,2019-03-10,261.71,74.0,3.07,36.0
553,tarko-sale,RU,64.92,64.92,2019-03-10,270.93,92.0,1.34,88.0
554,mount isa,AU,-20.73,-20.73,2019-03-10,309.15,30.0,2.6,0.0
555,bela,PK,26.23,26.23,2019-03-10,281.785,69.0,1.92,0.0
556,yavatmal,IN,20.39,20.39,2019-03-10,299.91,33.0,1.47,0.0
